rank,Stadium,Capacity,City,Country,Home Team(s),location
1,Rungrado May Day Stadium,150000,Pyongyang, North Korea,North Korea national football team,
2,Salt Lake Stadium,120000,Kolkata, India,"East Bengal Club, Mohammedan SC, Mohun Bagan AC,  India national football team","[22.5731115, 88.4030891]"
3,Azteca,105000,Mexico City, Mexico,"América, Mexico national football team","[18.8445146, -99.2354456]"
4,Melbourne Cricket Ground,103000,Melbourne, Australia,Australia national football team,"[-37.819909, 144.9832250067]"
5,Azadi Stadium,100000,Tehran, Iran,"Iran national football team, Esteghlal FC, Persepolis","[35.7244962, 51.2755487216]"
6,Bukit Jalil National Stadium,100000,Kuala Lumpur, Malaysia,Malaysia national football team,"[3.0546755, 101.6913690326]"
7,Camp Nou,98772,Barcelona, Spain,F.C. Barcelona,"[41.3808046, 2.1158872]"
8,Maracanã,96000,Rio de Janeiro, Brazil,"Flamengo, Fluminense, Botafogo and Vasco da Gama","[-22.91216195, -43.23118606]"
9,Beijing National Stadium,91000,Beijing, China,2008 Olympics football tournament final,"[40.0160281, 116.3713841339]"
10,Wembley Stadium,90000,London, England,England national football team,"[51.55606945, -0.2796033938]"
11,Estadio Monumental Isidro Romero Carbo,89930,Guayaquil,Ecuador,Barcelona Sporting Club,"[-2.18582235, -79.9249700465]"
12,Bung Karno Stadium,88306,Jakarta, Indonesia,Indonesia national football team,"[-6.21853605, 106.8026353197]"
13,ANZ Stadium,83500,Sydney, Australia,Australia,"[-33.8471082, 151.0633848447]"
14,Olimpiyskiy,83450,Kyiv, Ukraine,"Ukraine, Dynamo Kyiv, Arsenal Kyiv","[50.43349695, 30.5213486106]"
15,Stadio Giuseppe Meazza,82955,Milan, Italy,"A.C. Milan, Internazionale Milano","[45.47820035, 9.1239639933]"
16,Croke Park,82300,Dublin, Ireland,"Ireland, Gaelic Athletic Association,","[53.36035755, -6.2509811826]"
17,Stadio Olimpico,82300,Rome, Italy,"A.S. Roma, S.S. Lazio","[41.93394235, 12.4547704971]"
18,Atatürk Olympic Stadium,81283,Istanbul, Turkey,"İstanbul Büyükşehir Belediyespor, Galatasaray S.K., Turkey national football team","[41.0744732, 28.7656610517]"
19,Signal Iduna Park,81264,Dortmund, Germany,Borussia Dortmund,"[51.4924922, 7.4518548509]"
20,Shah Alam Stadium,80372,Shah Alam, Malaysia,Selangor FA,"[3.0838218, 101.5456258304]"
21,Estadio Santiago Bernabéu,80354,Madrid, Spain,Real Madrid,"[40.4530225, -3.6874219587]"
22,Giants Stadium (The Meadowlands),80242,East Rutherford, USA,"New York Giants, New York Jets, New York Red Bulls","[40.833989, -74.0970865]"
23,"Estadio Monumental ""U""",80093,Lima, Peru,Universitario de Deportes,"[-12.0621065, -77.0365256]"
24,Guangdong Olympic Stadium,80012,Guangzhou, China,2008 Olympics football tournament,"[23.13803625, 113.403429629]"
25,Borg El Arab Stadium,80000,Alexandria, Egypt,Egypt,"[30.9994696, 29.7294321536]"
26,Estádio do Morumbi,80000,São Paulo, Brazil,São Paulo F.C.,"[-23.60005845, -46.7201583473]"
27,June 11 Stadium,80000,Tripoli, Libya,"Libya national football team, Al-Ahly, Al-Ittihad, Al Madina Tripoli","[32.85990575, 13.1359000473]"
28,Stade des Martyrs,80000,Kinshasa,DR Congo,DR Congo national football team,"[-5.92806305, 22.3096029605]"
29,Shanghai Stadium,80000,Shanghai, China,2008 Olympics football tournament,"[31.1832135, 121.4373206895]"
30,Stade de France,80000,Saint-Denis, France,France,"[48.92447255, 2.3601325227]"
31,Arrowhead Stadium,79451,Kansas City, USA,"Kansas City Chiefs, Sporting Kansas City","[39.0751128, -78.191289]"
32,Luzhniki Stadium,78360,Moscow, Russia,"Torpedo Moscow, Spartak Moscow","[55.7157445, 37.5537672987]"
33,Stadio San Paolo,78210,Naples, Italy,Napoli,"[45.43574845, 8.5958371184]"
34,Jawaharlal Nehru Stadium,78000,New Delhi, India,Some I-League matches,"[28.58337705, 77.2335404029]"
35,Soccer City,78000,Johannesburg, South Africa,South Africa national football team,"[-26.23470625, 27.9826439004]"
36,Centenario Stadium,76609,Montevideo, Uruguay,Uruguay national football team,"[-34.89453925, -56.1526840941]"
37,Old Trafford,76212,Manchester, England,Manchester United,"[53.46310955, -2.2913864851]"
38,Aleppo International Stadium,75000,Aleppo, Syria,Al-Ittihad,"[36.1849318, 37.1176418366]"
39,Millennium Stadium,74500,Cardiff, Wales,Wales national football team,"[51.4782493, -3.1836667007]"
40,Olympiastadion,74228,Berlin, Germany,Hertha BSC Berlin,"[52.5145846, 13.2398144178]"
41,Cairo International Stadium,74100,Cairo, Egypt,"Egypt, Al-Ahly, El Zamalek","[30.0691151, 31.3122063805]"
42,International Stadium Yokohama,72327,Yokohama, Japan,Yokohama F. Marinos,"[35.5099882, 139.6063825439]"
43,Estádio Parque do Sabiá,72000,Uberlândia, Brazil,Uberlândia Esporte Clube,"[-18.91308715, -48.2329942146]"
44,Mineirão,71860,Belo Horizonte, Brazil,"Atlético Mineiro, Cruzeiro E.C.","[-19.8659115, -43.9710434043]"
45,Athens Olympic Stadium,71030,Athens,Greece,Greece national football team,"[37.9755648, 23.7348324]"
46,Yadegar-e-Emam Stadium,71000,Tabriz, Iran,some Teraktor Sazi matches,"[38.0738612, 46.2978789]"
47,Castelão,70000,São Luís, Brazil,"Sampaio Corrêa, Moto Club, Maranhão","[-2.54875695, -44.2609513387]"
48,Kim Il-sung Stadium,70000,Pyongyang, North Korea,Pyongyang City Sports Group,"[39.04385845, 125.7577377209]"
49,Allianz Arena,69901,Munich, Germany,"Bayern Munich, 1860 Munich","[48.21880845, 11.6246637626]"
50,Castelão,69000,Fortaleza, Brazil,"Ceará, Fortaleza","[-3.7304512, -38.5217989]"
51,Hrazdan Stadium,69000,Yerevan, Armenia,"FC Ararat Yerevan, FC Kilikia Yerevan","[40.18036705, 44.4946722922]"
52,Stadium Puskás Ferenc,68976,Budapest, Hungary,Hungary national football team,"[47.50310895, 19.0980508921]"
53,Gillette Stadium,68756,Foxborough, USA,"New England Patriots, New England Revolution","[42.0912526, -71.2644646106]"
54,Stadio delle Alpi,67229,Turin, Italy,"Juventus F.C., Torino F.C. 1906 (part-time)","[45.0677551, 7.6824892]"
55,King Fahd International Stadium,67000,Riyadh,Saudi Arabia,"Al Hilal, Al Shabab","[24.7885806, 46.8391448601]"
56,Qwest Field,67000,Seattle, USA,"Seattle Seahawks, Seattle Sounders","[47.5953459, -122.331644312]"
57,Estadio Nacional de Chile,66650,Santiago, Chile,"Chile national football team, Universidad de Chile","[-33.4643563, -70.612147]"
58,Workers Stadium,66161,Beijing,China,"2008 Olympics football tournament, some Beijing Guoan matches","[39.92951015, 116.4409951805]"
59,Estádio Fonte Nova,66080,Salvador, Brazil,Esporte Clube Bahia,"[-12.97888575, -38.503482173]"
60,Seoul World Cup Stadium,66080,Seoul, South Korea,FC Seoul,"[37.5683021, 126.8972476647]"
61,Stade 5 Juillet 1962,66000,Algiers, Algeria,MC Algiers,"[36.51641205, 2.4086593818]"
62,Daegu World Cup Stadium,65754,Daegu, South Korea,Daegu FC,"[35.8713, 128.6018]"
63,Estádio da Luz,65647,Lisbon, Portugal,Benfica,"[38.7526893, -9.1846898818]"
64,El Monumental,65645,Buenos Aires, Argentina,"Argentina national football team, River Plate","[-34.5527834, -58.4513211]"
65,Arena Itaquera,65645,São Paulo, Brazil,S.C. Corinthians,"[-23.5452934, -46.4742864364]"
66,Le Stade Olympique,65255,Montreal, Canada,"2007 FIFA U-20 World Cup, some local football teams matches","[45.5031824, -73.5698065]"
67,Rajamangala Stadium,65000,Bangkok, Thailand,Thailand national football team,"[13.75542905, 100.6221559457]"
68,Stade 7 November,65000,Radès, Tunisia,Tunisia national football team,"[36.767891, 10.2724617]"
69,Estadio Juan Domingo Perón,64161,Avellaneda, Argentina,Racing Club de Avellaneda,"[-31.383697, -64.1804450237]"
70,Saitama Stadium,63700,Saitama, Japan,Urawa Red Diamonds,"[35.9030742, 139.7176057093]"
71,Estadio Olímpico Universitario,63186,Mexico City, Mexico,Club Universidad Nacional,"[19.33175425, -99.1922849722]"
72,Estadio Jalisco,63163,Guadalajara, Mexico,"Club Deportivo Guadalajara, C.F. Atlas","[20.70477005, -103.3276846189]"
73,Yizhong Center,62000,Qingdao,China,Qingdao Zhongneng,"[36.0637967, 120.3192081]"
74,Veltins-Arena,61482,Gelsenkirchen, Germany,FC Schalke 04,"[51.55459375, 7.067600069]"
75,Emirates Stadium,60361,London, England,Arsenal F.C.,"[51.55504035, -0.1083996709]"
76,Celtic Park,60355,Glasgow, Scotland,Celtic F.C.,"[55.85018145, -4.2068226877]"
77,Commonwealth Stadium,60081,Edmonton, Canada,Canada national soccer team,"[53.55970035, -113.4776475019]"
78,Estádio do Arruda,60044,Recife, Brazil,Santa Cruz Futebol Clube,"[-8.0268093, -34.8911966745]"
79,Stade Vélodrome,60031,Marseille, France,Olympique de Marseille,"[43.26983495, 5.3959116641]"
80,Abuja Stadium,60000,Abuja, Nigeria,Nigeria,"[9.0643305, 7.4892974]"
81,Stade Moulay Abdellah,60000,Rabat, Morocco,FAR Rabat,"[33.95980675, -6.8899476338]"
82,Albertão,60000,Teresina, Brazil,some C.R Flamengo matches,"[-5.1161379, -42.7928719931]"
83,Jawaharlal Nehru Stadium,60000,Kochi, India,"FC Kochin, Viva Kerala","[9.9674277, 76.2454436]"
84,Kobe Universiade Memorial Stadium,60000,Kobe, Japan,some Vissel Kobe matches,"[34.6932379, 135.1943764]"
85,Lake Tanganyika Stadium,60000,Kigoma, Tanzania,some Reli FC matches,"[-4.90193195, 29.6619201002]"
86,Benjamin Mkapa National Stadium,60000,Dar es Salaam, Tanzania,Tanzania national football team,"[-6.85357465, 39.2732934737]"
87,Stade Leopold Senghor,60000,Dakar, Senegal,"Senegal, ASC Jeanne d'Arc","[14.74677165, -17.4519140387]"
88,Moi International Sports Centre,60000,Nairobi, Kenya,Kenya national football team,"[-1.2275475, 36.890181982]"
89,Nanjing Olympic Sports Center,60000,Nanjing, China,some local football teams matches,"[32.0438284, 118.7788631]"
90,National Sports Stadium,60000,Harare, Zimbabwe,Zimbabwe national football team,"[-17.82141495, 30.9950735131]"
91,Odi Stadium,60000,Mabopane, South Africa,Garankuwa United,"[-25.5216914, 28.040565091]"
92,Shenyang Olympic Sports Centre Stadium,60000,Shenyang, China,Shenyang Ginde,"[41.73911265, 123.4574420308]"
93,Tianhe Stadium,60000,Guangzhou, China,some Guangzhou Pharmaceutical matches,"[23.1405033, 113.3193596629]"
94,Wuhan Stadium,60000,Wuhan, China,some Wuhan Huanghelou matches,"[30.6388356, 114.128496144]"
95,Ellis Park Stadium,59611,Johannesburg, South Africa,Orlando Pirates FC,"[-26.19747885, 28.0607682379]"
96,Chongqing Olympic Sports Center,58680,Chongqing, China,Chongqing Qiche,"[29.52696115, 106.5018563378]"
97,Estádio Beira-Rio,58306,Porto Alegre, Brazil,Sport Club Internacional,"[-21.28552135, -42.5523529548]"
98,Stadio San Nicola,58248,Bari, Italy,A.S. Bari,"[41.0847276, 16.8400848978]"
99,İzmir Atatürk Stadyumu,58008,İzmir, Turkey,some Altay S.K. and Göztepe A.Ş. matches,"[38.43498345, 27.17801135]"
100,Estadio Metropolitano,58000,Barranquilla, Colombia,"Colombia national football team, Junior F.C.","[10.9269548, -74.8005111089]"
101,Estadio Olímpico de Sevilla,57619,Seville, Spain,some Spain matches,"[37.41723525, -6.0046133617]"
102,Camille Chamoun Sports City Stadium,57600,Beirut, Lebanon,Lebanon national football team,"[33.86707815, 35.4951176168]"
103,Estadio Alberto J. Armando,57395,Buenos Aires, Argentina,Boca Juniors,"[-34.63551715, -58.3649163269]"
104,National Olympic Stadium,57363,Tokyo, Japan,Emperor's Cup and J. League Cup finals,"[35.6821936, 139.762221]"
105,HSH Nordbank Arena,57274,Hamburg, Germany,Hamburger SV,"[53.550341, 10.000654]"
106,Coca-Cola Stadium,57000,Xi'an, China,Inter Xian,"[34.261004, 108.9423363]"
107,Robert F. Kennedy Memorial Stadium,56692,"Washington, D.C.", USA,D.C. United,"[38.88976815, -76.9718830728]"
108,Telstra Dome,56347,Melbourne, Australia,Melbourne Victory,"[-37.8142454, 144.9631732]"
109,Estadi Olímpic Lluís Companys,55926,Barcelona, Spain,RCD Espanyol,"[41.36472, 2.155645097]"
110,Gottlieb-Daimler-Stadion,55896,Stuttgart, Germany,VfB Stuttgart,"[48.79224875, 9.2320857]"
111,Dalian People's Stadium,55843,Dalian, China,Dalian Shide,"[38.9181714, 121.6282945]"
112,Estadio La Casa Blanca,55400,Quito, Ecuador,Liga Deportiva Universitaria,"[-0.2201641, -78.5123274]"
113,Vicente Calderón Stadium,55005,Madrid, Spain,Atlético Madrid,"[40.4167047, -3.7035825]"
114,Boris Paichadze Stadium,55000,Tbilisi, Georgia,FC Dinamo Tbilisi,"[41.6934591, 44.8014495]"
115,Helong Stadium,55000,Changsha, China,Hunan Xiangjun,"[28.1450774, 113.2384362]"
116,Pakhtakor Markaziy Stadium,55000,Tashkent, Uzbekistan,"Uzbekistan national football team, FC Pakhtakor Tashkent","[41.3154645, 69.2602831015]"
117,Singapore National Stadium,55000,Kallang, Singapore,Singapore national football team,"[1.3020909, 103.8763295]"
118,Stade Mohamed V,55000,Casablanca, Morocco,"Raja Casablanca, Wydad Casablanca","[33.5945144, -7.6200284]"
119,March 28 Stadium,55000,Benghazi, Libya,"Al-Ahly Benghazi, Al-Nasr Benghazi, Al Tahaddy Benghazi, some Libya matches","[32.10178545, 20.072622305]"
120,Wulihe Stadium,55000,Shenyang, China,Shenyang Ginde,"[41.8026095, 123.4279105]"
121,Estádio Serra Dourada,54048,Goiânia, Brazil,some Goiás Esporte Clube and Vila Nova Futebol Clube matches,"[-16.69906535, -49.2331877757]"
122,Borussia-Park,54019,Mönchengladbach, Germany,Borussia Mönchengladbach,"[51.17462495, 6.3854093679]"
123,Stadion Crvena Zvezda,54000,Belgrade, Serbia,Red Star Belgrade,"[44.7801094, 20.4662448]"
124,Busan Asiad Stadium,53864,Busan, South Korea,Busan I'Park,"[35.1900767, 129.0595481429]"
125,Estadio Atanasio Girardot,52872,Medellín, Colombia,"Atlético Nacional, Independiente Medellín","[6.2567716, -75.59016945]"
126,Şükrü Saracoğlu Stadium,55530,Istanbul, Turkey,Fenerbahçe S.K.,"[40.98758065, 29.0369772993]"
127,Suncorp Stadium,52500,Brisbane, Australia,Queensland Roar FC,"[-27.46486025, 153.0096055]"
128,Estadio Monumental de Maturín,52500,Maturin, Venezuela,Monagas S.C.,"[9.7422774, -63.1888854]"
129,Estadio Mestalla,52469,Valencia, Spain,Valencia CF,"[39.4745279, -0.3581566362]"
130,St James' Park,52387,Newcastle upon Tyne, England,Newcastle United F.C.,"[54.9754693, -1.6218736662]"
131,Commerzbank-Arena,52300,Frankfurt, Germany,Eintracht Frankfurt,"[50.06861025, 8.6454153842]"
132,Manuel Ruiz de Lopera Stadium,52132,Seville, Spain,Real Betis Balompié,"[37.3886303, -5.9953403]"
133,Hampden Park,52025,Glasgow, Scotland,"Scotland national football team, Queen's Park F.C.","[55.82601405, -4.2519270725]"
134,Kings Park Stadium,52000,Durban, South Africa,some Golden Arrows matches,"[-29.82480505, 31.0289735201]"
135,Loftus Versfeld Stadium,51762,Pretoria, South Africa,some Supersport United FC matches,"[-25.75323475, 28.2229327477]"
136,Amsterdam ArenA,51628,Amsterdam, Netherlands,Ajax,"[52.3159898, 4.9429305]"
137,Kumasi Sports Stadium,51500,Kumasi, Ghana,"Asante Kotoko, King Faisal Babes","[6.6829947, -1.6059512]"
138,LTU Arena,51500,Düsseldorf, Germany,Fortuna Düsseldorf,"[51.26162905, 6.7331516101]"
139,Shizuoka Stadium,51349,Fukuroi, Japan,some Júbilo Iwata and Shimizu S-Pulse matches,"[34.74343045, 137.9707288954]"
140,Huanglong Stadium,51139,Hangzhou, China,Zhejiang Lvcheng,"[30.2489634, 120.2052342]"
141,De Kuip,51137,Rotterdam, Netherlands,Feyenoord Rotterdam,"[51.8938646, 4.52322813]"
142,Newlands Stadium,51100,Cape Town, South Africa,no current user,"[-33.9705226, 18.4685626255]"
143,Ibrox Stadium,51082,Glasgow, Scotland,Rangers F.C.,"[55.85322065, -4.3093239146]"
144,Estádio Olímpico Monumental,51081,Porto Alegre, Brazil,Grêmio,"[-30.06053275, -51.2133885813]"
145,Jiaodaruisun Stadium,51000,Xi'an, China,some Shaanxi Guoli and Xi'an Anxinyuan matches,"[34.261004, 108.9423363]"
146,Estádio do Dragão,51000,Porto, Portugal,F.C. Porto,"[41.16182355, -8.5837491985]"
147,Estádio José Alvalade,50466,Lisbon, Portugal,Sporting Clube de Portugal,"[38.7612164, -9.1607831347]"
148,RheinEnergieStadion,50374,Cologne, Germany,1. FC Köln,"[50.9335055, 6.8751167403]"
149,Incheon Munhak Stadium,50256,Incheon, South Korea,Incheon United,"[37.4350773, 126.6907515569]"
150,Ajinomoto Stadium,50100,Tokyo, Japan,"F.C. Tokyo, Tokyo Verdy","[35.66418645, 139.5270751782]"
151,King Baudouin Stadium,50024,Brussels, Belgium,Belgium national football team,"[50.89572205, 4.3341279219]"
152,Charles Mopeli Stadium,50000,Phuthaditjhaba, South Africa,some Free State Stars matches,"[-28.5806991, 28.8321039011]"
153,Estádio Santa Cruz,50000,Ribeirão Preto, Brazil,Botafogo Futebol Clube (SP),"[-21.20239205, -47.7901413147]"
154,Hiroshima Big Arch,50000,Hiroshima, Japan,Sanfrecce Hiroshima,"[34.3917241, 132.4517589]"
155,Jilin People's Stadium,50000,Jilin City, China,some regional teams matches,"[43.8562659, 126.5737676]"
156,Khalifa International Stadium,50000,Doha, Qatar,Qatar national football team,"[25.26365305, 51.4492244658]"
157,Lagaligo Stadium,50000,Palopo, Indonesia,Gaspa Palopo,"[-3.0065288, 120.193868]"
158,Nagai Stadium,50000,Osaka, Japan,Cerezo Osaka,"[34.61410635, 135.5185109724]"
159,Phnom Penh National Olympic Stadium,50000,Phnom Penh, Cambodia,Khemara,"[11.568271, 104.9224426]"
160,Stade 26 mars,50000,Bamako, Mali,Stade Malien,"[12.6043766, -7.9217373945]"
161,Sultan Mizan Zainal Abidin Stadium,50000,Kuala Terengganu, Malaysia,some Terengganu FA matches,"[5.36971345, 103.1056811603]"
162,AWD-Arena,49951,Hanover, Germany,Hannover 96,"[52.36002595, 9.7310160501]"
163,Ernst Happel Stadion,49844,Vienna, Austria,"Austria, some FK Austria Wien and SK Rapid Wien matches","[48.20718935, 16.4209170657]"
164,Estadio José Amalfitani,49540,Buenos Aires, Argentina,Club Atlético Vélez Sársfield,"[-34.6353382, -58.520678813]"
165,Sheikh Zayed Stadium,49500,Abu Dhabi, UAE,UAE Cup Finals,"[24.41612865, 54.4536300221]"
166,Miyagi Stadium,49133,Rifu, Japan,some Vegalta Sendai matches,"[38.3353606, 140.950456704]"
167,Stadium of Light,48707,Sunderland, England,Sunderland A.F.C.,"[54.9143953, -1.3882579326]"
168,Jinnah Sports Stadium,48700,Islamabad, Pakistan,some Pakistan matches,"[33.7004059, 73.0928603736]"
169,Fritz-Walter-Stadion,48500,Kaiserslautern, Germany,1. FC Kaiserslautern,"[49.4345765, 7.7766302916]"
170,Estadio Tomás Adolfo Ducó,48314,Buenos Aires, Argentina,Club Atlético Huracán,"[-34.64306605, -58.3967982639]"
171,Estadio Malvinas Argentinas,48000,Mendoza, Argentina,Godoy Cruz Antonio Tomba,"[-32.8896213, -68.8799004653]"
172,City of Manchester Stadium,48000,Manchester, England,Manchester City F.C.,"[53.48309105, -2.2002520023]"
173,Frankenstadion,47559,Nuremberg, Germany,1. FC Nuremberg,"[49.4307502, 11.1294421]"
174,Stadio Artemio Franchi,47282,Florence, Italy,Fiorentina,"[43.32168675, 11.3261789672]"
175,Silesia Stadium,47246,Chorzów, Poland,Poland national football team,"[50.28824565, 18.9734993195]"
176,Parc des Princes,46480,Paris, France,Paris Saint-Germain,"[48.8413634, 2.2530693162]"
177,Estadio Olímpico Chateau Carreras,46083,Córdoba, Argentina,"Talleres de Córdoba, some Belgrano de Córdoba matches","[-31.4166867, -64.1834193]"
178,Estadio El Campín,46018,Bogotá, Colombia,"Millonarios, Independiente Santa Fe","[4.64594945, -74.077605394]"
179,Estadio Monumental David Arellano,45953,Santiago, Chile,Colo-Colo,"[-33.5064746, -70.6049201583]"
180,Rice-Eccles Stadium,45634,Salt Lake City, USA,Real Salt Lake,"[40.75985365, -111.8489194926]"
181,Estadio Olímpico Pascual Guerrero,45625,Santiago de Cali, Colombia,"Deportivo Cali, América de Cali","[3.429911, -76.5411197744]"
182,Estadio Nacional de Lima,45574,Lima, Peru,Peru national football team,"[-12.0673803, -77.0337830272]"
183,Anfield,45522,Liverpool, England,Liverpool F.C.,"[53.430828, -2.9608432174]"
184,Estádio Ilha do Retiro,45500,Recife, Brazil,Sport Club do Recife,"[-8.0584933, -34.8848193]"
185,Estadio Ramón Sánchez Pizjuán,45500,Seville, Spain,Sevilla F.C.,"[37.3840876, -5.9706309025]"
186,Sydney Football Stadium,45500,Sydney, Australia,Sydney F.C.,"[-33.88915715, 151.22513522]"
187,Eden Park,45472,Auckland, New Zealand,no current user,"[-36.8750352, 174.7440567127]"
188,Estádio Mané Garrincha,45200,Brasília, Brazil,some Sociedade Esportiva do Gama matches,"[-15.7837498, -47.8990287459]"
189,Mangueirão,45007,Belém, Brazil,some Paysandu Sport Club and Clube do Remo matches,"[-1.3811539, -48.4430763088]"
190,Abbasiyyin Stadium,45000,Damascus, Syria,"Al-Jaish, Al-Wahda, Al Majd","[33.5130695, 36.3095814]"
191,Engenhão,45000,Rio de Janeiro, Brazil,Botafogo,"[-22.893194, -43.2935690869]"
192,Estádio da Machava,45000,Maputo, Mozambique,Mozambique national football team,"[-25.9174099, 32.5263788473]"
193,Estádio do Café,45000,Londrina, Brazil,some Londrina Esporte Clube and Sociedade Esportiva Matsubara matches,"[-23.28257765, -51.1646090873]"
194,Fez Stadium,45000,Fes, Morocco,Maghreb Fez,"[34.0346534, -5.0161926]"
195,Naghsh-e-Jahan Stadium,45000,Isfahan, Iran,Sepahan,"[32.74245575, 51.6861810122]"
196,Pinheirão,45000,Curitiba, Brazil,some Paraná Clube matches,"[-6.2630571, -36.5160372646]"
197,Stade Chahid Hamlaoui,45000,Constantine, Algeria,CS Constantine,"[36.3641642, 6.6084281]"
198,Stade El Menzah,45000,Tunis, Tunisia,"Club Africain, Espérance","[36.83984285, 10.185175661]"
199,Toyota Stadium,45000,Toyota City, Japan,some Nagoya Grampus matches,"[35.0845879, 137.1708735346]"
200,Verdão,45000,Cuiabá, Brazil,"Clube Esportivo Dom Bosco, Mixto Esporte Clube","[-17.3371817, -51.029284]"
201,Munsu Cup Stadium,44466,Ulsan, South Korea,Ulsan Hyundai Horang-i,"[35.5330059, 129.2585538997]"
202,Zentralstadion,44345,Leipzig, Germany,FC Sachsen Leipzig,"[51.34570785, 12.348236087]"
203,Estadio Cuscatlán,44313,San Salvador, El Salvador,"Alianza F.C., San Salvador F.C.","[13.6811225, -89.2223314486]"
204,Gwangju World Cup Stadium,44118,Gwangju, South Korea,Gwangju Sangmu Phoenix,"[35.133695, 126.8749872074]"
205,Shandong Stadium,43700,Jinan, China,Shandong Luneng,"[36.64647655, 117.0057846225]"
206,Vasil Levski National Stadium,43632,Sofia, Bulgaria,Bulgaria,"[42.6875707, 23.3352430586]"
207,Estadio Pedro Bidegain,43494,Buenos Aires, Argentina,Club Atlético San Lorenzo de Almagro,"[-34.6520812, -58.4400446644]"
208,Jeonju World Cup Stadium,43348,Jeonju, South Korea,Jeonbuk Hyundai Motors,"[35.8678074, 127.0645890698]"
209,Suwon World Cup Stadium,43288,Suwon, South Korea,Suwon Samsung Bluewings,"[37.2864084, 127.0368050204]"
210,Ōita Stadium,43254,Ōita, Japan,Oita Trinita,"[33.2007159, 131.6574920036]"
211,Stade Gerland,43051,Lyon, France,Olympique Lyonnais,"[45.72377615, 4.8322541709]"
212,Estadio Universidad San Marcos,43000,Lima, Peru,Universidad San Marcos,"[-12.0621065, -77.0365256]"
213,Nya Ullevi Stadium,43000,Gothenburg, Sweden,"IFK Göteborg, GAIS, and some Örgryte IS and BK Häcken matches","[57.7072326, 11.9670171]"
214,Vivaldão,43000,Manaus, Brazil,"América Futebol Clube (AM), Nacional Futebol Clube, Atlético Rio Negro Clube","[-3.1316333, -59.9825041]"
215,Sapporo Dome,42831,Sapporo, Japan,some Consadole Sapporo matches,"[43.0147798, 141.4097434427]"
216,Estadio Cuauhtémoc,42648,Puebla, Mexico,Puebla F.C.,"[19.07798325, -98.1643375101]"
217,Villa Park,42573,Birmingham, England,Aston Villa F.C.,"[52.5091264, -1.8850354312]"
218,St. Jakob Park,42500,Basel, Switzerland,FC Basel,"[47.54163625, 7.6201163733]"
219,Weserstadion,42358,Bremen, Germany,SV Werder Bremen,"[53.06644785, 8.8376718151]"
220,Parken Stadium,42305,Copenhagen, Denmark,"Denmark, F.C. Copenhagen","[55.70270425, 12.5722637769]"
221,Niigata Stadium,42300,Niigata, Japan,Albirex Niigata,"[37.9483599, 139.1883607424]"
222,Jeju World Cup Stadium,42256,Seogwipo, South Korea,Jeju United FC,"[33.2462695, 126.5091071323]"
223,Estadio Garcilaso de la Vega,42056,Cusco, Peru,Cienciano del Cuzco,"[-13.5255188, -71.9664760884]"
224,Stamford Bridge,42055,London, England,Chelsea F.C.,"[51.4816865, -0.1910351767]"
225,Estadio General Santander,42000,Cucuta, Colombia,Cucuta Deportivo,"[7.89466265, -72.5018525203]"
226,Stadium Perak,42000,Perak, Malaysia,Perak FA,"[4.6094268, 101.1035452187]"
227,Estadio Palogrande,42000,Manizales, Colombia,Once Caldas,"[5.0570052, -75.490087147]"
228,Estadio Hernando Siles,42000,La Paz, Bolivia,"La Paz F.C., some Club Bolívar and The Strongest matches","[-16.4994503, -68.122853236]"
229,Stadio Flaminio,42000,Rome, Italy,no current user,"[41.9269333, 12.472308214]"
230,Estadio Gigante de Arroyito,41654,Rosario, Argentina,Rosario Central,"[-32.91402295, -60.6744989877]"
231,Stadio Friuli,41652,Udine, Italy,Udinese Calcio,"[46.08140625, 13.1997082441]"
232,Polideportivo Cachamay,41600,Ciudad Guayana, Venezuela,"Atlético Club Mineros de Guayana, Minervén Fútbol Club","[8.31276745, -62.6957787576]"
233,Ramat Gan Stadium,41580,Ramat Gan, Israel,"Israel national football team, some Maccabi Tel Aviv F.C. matches","[32.10032565, 34.8243765511]"
234,Estadio Morelos,41500,Morelia, Mexico,Monarcas Morelia,"[19.7187172, -101.233597778]"
235,Südweststadion,41383,Ludwigshafen am Rhein, Germany,FSV Oggersheim,"[49.4704113, 8.4381568]"
236,Goyang Stadium,41311,Goyang, South Korea,Kookmin Bank FC,"[37.6764849, 126.743153794]"
237,Daejeon World Cup Stadium,41295,Daejeon, South Korea,Daejeon Citizen,"[36.36525335, 127.3251074229]"
238,Stade Félix Bollaert,41233,Lens, France,R.C. Lens,"[50.43281, 2.8149878385]"
239,Dinamo Stadium,41040,Minsk, Belarus,F. C. Dinamo Minsk,"[53.89512565, 27.5600491392]"
240,Estadio Olímpico Atahualpa,41000,Quito, Ecuador,"Sociedad Deportivo Quito, Club Deportivo El Nacional","[-0.17751415, -78.4766125678]"
241,Estadio Universitario,41000,San Nicolás de los Garza, Mexico,Club Deportivo U.A.N.L.,"[25.72260665, -100.3119862931]"
242,Goodison Park,40394,Liverpool, England,Everton F.C.,"[53.43868975, -2.9664192835]"
243,Estadio Lanús,40320,Lanús, Argentina,Club Atlético Lanús,"[-34.71765845, -58.3839561641]"
244,Estadio Metropolitano de Fútbol de Lara,40312,Barquisimeto, Venezuela,Unión Lara,"[10.0774374, -69.3222293]"
245,Elland Road,40242,Leeds, England,Leeds United A.F.C.,"[53.7783094, -1.5680727]"
